date	temperature	label	posterior(k=1)	posterior(k=2)	posterior(k=3)	posterior(k=4)	activation(k=1)	activation(k=2)	activation(k=3)	activation(k=4)
2002-12-31	11.3628	2	0.000000e+00	6.621301e-01	3.378699e-01	0.000000e+00	0.000000e+00	2.677461e-01	2.037381e-01	0.000000e+00
2003-01-05	15.8975	3	0.000000e+00	0.000000e+00	1.000000e+00	1.494017e-14	0.000000e+00	0.000000e+00	7.489291e-01	2.583831e-15
2003-01-10	18.4681	4	0.000000e+00	0.000000e+00	1.097195e-06	9.999989e-01	0.000000e+00	0.000000e+00	5.867172e-06	1.234846e+00
2003-01-15	18.5352	4	0.000000e+00	0.000000e+00	6.426868e-12	1.000000e+00	0.000000e+00	0.000000e+00	1.774060e-11	6.374366e-01
2003-01-20	18.5919	4	0.000000e+00	0.000000e+00	1.344575e-13	1.000000e+00	0.000000e+00	0.000000e+00	3.581669e-13	6.151321e-01
2003-01-25	18.7611	4	0.000000e+00	0.000000e+00	4.312732e-07	9.999996e-01	0.000000e+00	0.000000e+00	1.702829e-06	9.117722e-01
2003-01-30	17.5388	3	0.000000e+00	0.000000e+00	8.935779e-01	1.064221e-01	0.000000e+00	0.000000e+00	1.270329e-02	3.493683e-04
2003-02-04	17.2790	3	0.000000e+00	0.000000e+00	9.990756e-01	9.244315e-04	0.000000e+00	0.000000e+00	3.378999e-01	7.219921e-05
2003-02-09	18.1376	4	0.000000e+00	0.000000e+00	5.710385e-02	9.428961e-01	0.000000e+00	0.000000e+00	5.339948e-02	2.036120e-01
2003-02-14	18.4488	4	0.000000e+00	0.000000e+00	9.435351e-04	9.990565e-01	0.000000e+00	0.000000e+00	2.871689e-03	7.021620e-01
2003-02-19	18.1395	3	0.000000e+00	0.000000e+00	7.157968e-01	2.842032e-01	0.000000e+00	0.000000e+00	2.119044e-01	1.942885e-02
2003-02-24	17.8118	3	0.000000e+00	0.000000e+00	9.832750e-01	1.672501e-02	0.000000e+00	0.000000e+00	8.215337e-01	3.226894e-03
2003-03-01	16.7066	3	0.000000e+00	0.000000e+00	1.000000e+00	4.541305e-08	0.000000e+00	0.000000e+00	8.362085e-01	8.769266e-09
2003-03-06	16.8393	3	0.000000e+00	0.000000e+00	9.992477e-01	7.522842e-04	0.000000e+00	0.000000e+00	8.160170e-02	1.418652e-05
2003-03-11	17.3474	3	0.000000e+00	0.000000e+00	9.296391e-01	7.036094e-02	0.000000e+00	0.000000e+00	4.426803e-02	7.737051e-04
2003-03-16	18.7360	4	0.000000e+00	0.000000e+00	2.151452e-06	9.999978e-01	0.000000e+00	0.000000e+00	2.078156e-06	2.230558e-01
2003-03-21	18.6969	4	0.000000e+00	0.000000e+00	6.149040e-13	1.000000e+00	0.000000e+00	0.000000e+00	2.183854e-13	8.201330e-02
2003-03-26	18.1800	4	0.000000e+00	0.000000e+00	1.892671e-06	9.999981e-01	0.000000e+00	0.000000e+00	8.288750e-07	1.011303e-01
2003-03-31	18.2284	4	0.000000e+00	0.000000e+00	2.743000e-05	9.999726e-01	0.000000e+00	0.000000e+00	1.286898e-04	1.083364e+00
2003-04-05	18.4571	4	0.000000e+00	0.000000e+00	3.739490e-06	9.999963e-01	0.000000e+00	0.000000e+00	1.845651e-05	1.139734e+00
2003-04-10	18.6493	4	0.000000e+00	0.000000e+00	5.212421e-09	1.000000e+00	0.000000e+00	0.000000e+00	2.253830e-08	9.985039e-01
2003-04-15	18.4346	4	0.000000e+00	0.000000e+00	2.103373e-08	1.000000e+00	0.000000e+00	0.000000e+00	7.038329e-08	7.727183e-01
2003-04-20	18.4444	4	0.000000e+00	0.000000e+00	1.711292e-07	9.999998e-01	0.000000e+00	0.000000e+00	4.371094e-07	5.898396e-01
2003-04-25	18.2732	4	0.000000e+00	0.000000e+00	3.928682e-03	9.960713e-01	0.000000e+00	0.000000e+00	5.698278e-03	3.336223e-01
2003-04-30	18.0310	4	0.000000e+00	0.000000e+00	1.064639e-03	9.989354e-01	0.000000e+00	0.000000e+00	1.697829e-04	3.678722e-02
2003-05-05	18.5304	4	0.000000e+00	0.000000e+00	4.865527e-09	1.000000e+00	0.000000e+00	0.000000e+00	1.890661e-08	8.973290e-01
2003-05-10	18.6118	4	0.000000e+00	0.000000e+00	9.550500e-11	1.000000e+00	0.000000e+00	0.000000e+00	4.148499e-10	1.003074e+00
2003-05-15	18.5813	4	0.000000e+00	0.000000e+00	1.285017e-08	1.000000e+00	0.000000e+00	0.000000e+00	5.641235e-08	1.013756e+00
2003-05-20	16.0059	3	0.000000e+00	0.000000e+00	1.000000e+00	2.576698e-15	0.000000e+00	0.000000e+00	1.489629e+00	8.863592e-16
2003-05-25	10.4468	2	0.000000e+00	9.842542e-01	1.574577e-02	0.000000e+00	0.000000e+00	1.761841e+00	4.203067e-02	0.000000e+00
2003-05-30	6.9306	2	0.000000e+00	1.000000e+00	3.750826e-14	0.000000e+00	0.000000e+00	9.887363e+00	5.530322e-13	0.000000e+00
2003-06-04	10.2673	2	0.000000e+00	9.962738e-01	3.726189e-03	0.000000e+00	0.000000e+00	1.374260e+00	7.664754e-03	0.000000e+00
2003-06-09	9.1972	2	0.000000e+00	9.999958e-01	4.228499e-06	0.000000e+00	0.000000e+00	5.122539e+00	3.230103e-05	0.000000e+00
2003-06-14	8.3102	2	0.000000e+00	1.000000e+00	6.821860e-09	0.000000e+00	0.000000e+00	9.654335e+00	9.821283e-08	0.000000e+00
2003-06-19	9.2893	2	0.000000e+00	9.999851e-01	1.490701e-05	0.000000e+00	0.000000e+00	1.180743e+01	2.624795e-04	0.000000e+00
2003-06-24	10.7469	2	0.000000e+00	9.946229e-01	5.377071e-03	0.000000e+00	0.000000e+00	8.036745e+00	6.479038e-02	0.000000e+00
2003-06-29	13.3650	3	0.000000e+00	0.000000e+00	1.000000e+00	0.000000e+00	0.000000e+00	0.000000e+00	7.043081e-01	0.000000e+00
2003-07-04	15.0579	3	0.000000e+00	0.000000e+00	1.000000e+00	0.000000e+00	0.000000e+00	0.000000e+00	1.164576e+00	0.000000e+00
2003-07-09	14.5612	3	0.000000e+00	0.000000e+00	1.000000e+00	0.000000e+00	0.000000e+00	0.000000e+00	7.252002e-01	0.000000e+00
2003-07-14	13.4261	3	0.000000e+00	1.285262e-07	9.999999e-01	0.000000e+00	0.000000e+00	9.893490e-08	1.147892e+00	0.000000e+00
2003-07-19	14.7506	3	0.000000e+00	0.000000e+00	1.000000e+00	0.000000e+00	0.000000e+00	0.000000e+00	8.698989e-01	0.000000e+00
2003-07-24	15.0800	3	0.000000e+00	0.000000e+00	1.000000e+00	0.000000e+00	0.000000e+00	0.000000e+00	1.249440e+00	0.000000e+00
2003-07-29	15.3211	3	0.000000e+00	0.000000e+00	1.000000e+00	0.000000e+00	0.000000e+00	0.000000e+00	1.448485e+00	0.000000e+00
2003-08-03	16.4068	3	0.000000e+00	0.000000e+00	1.000000e+00	3.446828e-11	0.000000e+00	0.000000e+00	1.827795e+00	1.454840e-11
2003-08-08	18.0695	4	0.000000e+00	0.000000e+00	3.783116e-01	6.216884e-01	0.000000e+00	0.000000e+00	2.252172e-01	8.546583e-02
2003-08-13	18.3747	4	0.000000e+00	0.000000e+00	4.252082e-05	9.999575e-01	0.000000e+00	0.000000e+00	2.259793e-04	1.227203e+00
2003-08-18	18.4881	4	0.000000e+00	0.000000e+00	6.761282e-07	9.999993e-01	0.000000e+00	0.000000e+00	2.557710e-06	8.735543e-01
2003-08-23	18.6216	4	0.000000e+00	0.000000e+00	2.774046e-04	9.997226e-01	0.000000e+00	0.000000e+00	3.777698e-05	3.143845e-02
2003-08-28	15.9945	3	0.000000e+00	0.000000e+00	1.000000e+00	0.000000e+00	0.000000e+00	0.000000e+00	1.438555e-02	0.000000e+00
2003-09-02	10.4867	2	0.000000e+00	9.767874e-01	2.321263e-02	0.000000e+00	0.000000e+00	9.787826e-02	3.468595e-03	0.000000e+00
2003-09-07	9.3392	2	0.000000e+00	9.999945e-01	5.486273e-06	0.000000e+00	0.000000e+00	2.236455e+00	1.829713e-05	0.000000e+00
2003-09-12	9.1719	2	0.000000e+00	9.999802e-01	1.980359e-05	0.000000e+00	0.000000e+00	3.898184e+00	1.151219e-04	0.000000e+00
2003-09-17	8.6227	2	0.000000e+00	9.999990e-01	1.002319e-06	0.000000e+00	0.000000e+00	2.144707e+00	3.205659e-06	0.000000e+00
2003-09-22	12.8668	3	0.000000e+00	3.133643e-07	9.999997e-01	0.000000e+00	0.000000e+00	2.444205e-07	1.163137e+00	0.000000e+00
2003-09-27	15.7039	3	0.000000e+00	0.000000e+00	1.000000e+00	0.000000e+00	0.000000e+00	0.000000e+00	1.116724e+00	0.000000e+00
2003-10-02	18.0494	4	0.000000e+00	0.000000e+00	5.976423e-02	9.402358e-01	0.000000e+00	0.000000e+00	2.925792e-02	1.062936e-01
2003-10-07	18.1484	4	0.000000e+00	0.000000e+00	5.487509e-04	9.994512e-01	0.000000e+00	0.000000e+00	8.074725e-04	3.396113e-01
2003-10-12	18.3325	4	0.000000e+00	0.000000e+00	2.076853e-06	9.999979e-01	0.000000e+00	0.000000e+00	6.044094e-06	6.720360e-01
2003-10-17	18.2864	4	0.000000e+00	0.000000e+00	5.606602e-05	9.999439e-01	0.000000e+00	0.000000e+00	1.935798e-04	7.972674e-01
2003-10-22	18.0856	3	0.000000e+00	0.000000e+00	8.879140e-01	1.120860e-01	0.000000e+00	0.000000e+00	6.735095e-02	1.963325e-03
2003-10-27	17.7888	3	0.000000e+00	0.000000e+00	9.384993e-01	6.150066e-02	0.000000e+00	0.000000e+00	6.798763e-02	1.028830e-03
2003-11-01	17.4012	3	0.000000e+00	0.000000e+00	9.946672e-01	5.332817e-03	0.000000e+00	0.000000e+00	2.636430e-01	3.264098e-04
2003-11-06	18.1051	4	0.000000e+00	0.000000e+00	1.888697e-02	9.811130e-01	0.000000e+00	0.000000e+00	3.698586e-02	4.436704e-01
2003-11-11	18.1987	4	0.000000e+00	0.000000e+00	2.744914e-03	9.972551e-01	0.000000e+00	0.000000e+00	8.728847e-03	7.323224e-01
2003-11-16	18.1545	4	0.000000e+00	0.000000e+00	1.244684e-02	9.875532e-01	0.000000e+00	0.000000e+00	1.566048e-02	2.869290e-01
2003-11-21	18.0650	4	0.000000e+00	0.000000e+00	1.820891e-01	8.179109e-01	0.000000e+00	0.000000e+00	9.120875e-03	9.460772e-03
2003-11-26	18.0479	4	0.000000e+00	0.000000e+00	3.519646e-01	6.480354e-01	0.000000e+00	0.000000e+00	1.651587e-01	7.022134e-02
2003-12-01	17.1115	3	0.000000e+00	0.000000e+00	1.000000e+00	1.552160e-08	0.000000e+00	0.000000e+00	3.161782e-01	1.133278e-09
2003-12-06	16.5572	3	0.000000e+00	0.000000e+00	1.000000e+00	7.537851e-11	0.000000e+00	0.000000e+00	4.844879e-01	8.433318e-12
2003-12-11	17.7272	3	0.000000e+00	0.000000e+00	8.569373e-01	1.430627e-01	0.000000e+00	0.000000e+00	2.756809e-01	1.062801e-02
2003-12-16	18.3738	4	0.000000e+00	0.000000e+00	1.391680e-03	9.986083e-01	0.000000e+00	0.000000e+00	3.796139e-03	6.290221e-01
2003-12-21	17.8945	3	0.000000e+00	0.000000e+00	8.298630e-01	1.701370e-01	0.000000e+00	0.000000e+00	1.522026e-01	7.205806e-03
2003-12-26	17.8074	4	0.000000e+00	0.000000e+00	4.731902e-01	5.268098e-01	0.000000e+00	0.000000e+00	1.492964e-01	3.838270e-02
2003-12-31	16.5823	3	0.000000e+00	0.000000e+00	1.000000e+00	3.023886e-12	0.000000e+00	0.000000e+00	1.486643e+00	1.038102e-12
2004-01-05	12.9514	3	0.000000e+00	0.000000e+00	1.000000e+00	0.000000e+00	0.000000e+00	0.000000e+00	5.478829e-02	0.000000e+00
2004-01-10	15.0209	3	0.000000e+00	0.000000e+00	1.000000e+00	0.000000e+00	0.000000e+00	0.000000e+00	1.143308e-01	0.000000e+00
2004-01-15	14.6162	3	0.000000e+00	0.000000e+00	1.000000e+00	0.000000e+00	0.000000e+00	0.000000e+00	2.281711e-01	0.000000e+00
2004-01-20	15.0258	3	0.000000e+00	2.835840e-12	1.000000e+00	0.000000e+00	0.000000e+00	2.829122e-13	1.487692e-01	0.000000e+00
2004-01-25	14.8341	3	0.000000e+00	0.000000e+00	1.000000e+00	0.000000e+00	0.000000e+00	0.000000e+00	3.196577e-01	0.000000e+00
2004-01-30	14.0708	3	0.000000e+00	0.000000e+00	1.000000e+00	0.000000e+00	0.000000e+00	0.000000e+00	7.148715e-01	0.000000e+00
2004-02-04	16.2636	3	0.000000e+00	0.000000e+00	1.000000e+00	6.137826e-11	0.000000e+00	0.000000e+00	3.328878e-01	4.718244e-12
2004-02-09	17.6830	3	0.000000e+00	0.000000e+00	9.998327e-01	1.673431e-04	0.000000e+00	0.000000e+00	7.546654e-02	2.916774e-06
2004-02-14	18.5809	3	0.000000e+00	0.000000e+00	9.020899e-01	9.791012e-02	0.000000e+00	0.000000e+00	3.285930e-02	8.235768e-04
2004-02-19	18.5220	4	0.000000e+00	0.000000e+00	3.345255e-04	9.996655e-01	0.000000e+00	0.000000e+00	8.302808e-05	5.729523e-02
2004-02-24	18.7445	4	0.000000e+00	0.000000e+00	2.718459e-08	1.000000e+00	0.000000e+00	0.000000e+00	1.019994e-07	8.664487e-01
2004-02-29	18.8982	4	0.000000e+00	0.000000e+00	2.337417e-09	1.000000e+00	0.000000e+00	0.000000e+00	9.436845e-09	9.323063e-01
2004-03-05	18.8990	4	0.000000e+00	0.000000e+00	7.776977e-10	1.000000e+00	0.000000e+00	0.000000e+00	3.084864e-09	9.159951e-01
2004-03-10	18.8234	4	0.000000e+00	0.000000e+00	1.282858e-08	1.000000e+00	0.000000e+00	0.000000e+00	4.082047e-08	7.347968e-01
2004-03-15	18.7435	4	0.000000e+00	0.000000e+00	5.637820e-09	1.000000e+00	0.000000e+00	0.000000e+00	1.689220e-08	6.918995e-01
2004-03-20	18.6741	4	0.000000e+00	0.000000e+00	1.367983e-08	1.000000e+00	0.000000e+00	0.000000e+00	5.312311e-08	8.967485e-01
2004-03-25	18.6907	4	0.000000e+00	0.000000e+00	1.862975e-06	9.999981e-01	0.000000e+00	0.000000e+00	8.789404e-06	1.089481e+00
2004-03-30	18.4081	4	0.000000e+00	0.000000e+00	3.829857e-02	9.617014e-01	0.000000e+00	0.000000e+00	3.063150e-03	1.776209e-02
2004-04-04	18.1064	4	0.000000e+00	0.000000e+00	1.337209e-01	8.662791e-01	0.000000e+00	0.000000e+00	2.750479e-02	4.114669e-02
2004-04-09	14.5358	3	0.000000e+00	0.000000e+00	1.000000e+00	0.000000e+00	0.000000e+00	0.000000e+00	7.885026e-01	0.000000e+00
2004-04-14	10.5676	2	0.000000e+00	9.784040e-01	2.159601e-02	0.000000e+00	0.000000e+00	1.369727e-01	4.508502e-03	0.000000e+00
2004-04-19	8.3570	2	0.000000e+00	1.000000e+00	3.307359e-08	0.000000e+00	0.000000e+00	4.328599e+00	2.134872e-07	0.000000e+00
2004-04-24	7.5735	2	0.000000e+00	1.000000e+00	1.150805e-09	0.000000e+00	0.000000e+00	4.371720e+00	7.502351e-09	0.000000e+00
2004-04-29	5.7481	2	6.958842e-07	9.999993e-01	0.000000e+00	0.000000e+00	1.709484e-06	1.954899e+00	0.000000e+00	0.000000e+00
2004-05-04	4.5239	2	1.093678e-01	8.906322e-01	0.000000e+00	0.000000e+00	3.940289e-03	2.553487e-02	0.000000e+00	0.000000e+00
2004-05-09	6.3048	2	0.000000e+00	1.000000e+00	0.000000e+00	0.000000e+00	0.000000e+00	9.177846e+00	0.000000e+00	0.000000e+00
2004-05-14	7.3167	2	0.000000e+00	1.000000e+00	5.211147e-13	0.000000e+00	0.000000e+00	1.925587e+01	1.496372e-11	0.000000e+00
2004-05-19	7.9058	2	0.000000e+00	1.000000e+00	5.993269e-10	0.000000e+00	0.000000e+00	9.334642e+00	8.342659e-09	0.000000e+00
2004-05-24	6.6180	2	0.000000e+00	1.000000e+00	4.291626e-14	0.000000e+00	0.000000e+00	2.413127e+00	1.544348e-13	0.000000e+00
2004-05-29	8.8936	2	0.000000e+00	9.999921e-01	7.902555e-06	0.000000e+00	0.000000e+00	2.135193e+00	2.516235e-05	0.000000e+00
2004-06-03	11.5405	2	0.000000e+00	5.015933e-01	4.984067e-01	0.000000e+00	0.000000e+00	1.776471e-01	2.632288e-01	0.000000e+00
2004-06-08	14.4084	3	0.000000e+00	0.000000e+00	1.000000e+00	0.000000e+00	0.000000e+00	0.000000e+00	3.427073e-01	0.000000e+00
2004-06-13	16.6033	3	0.000000e+00	0.000000e+00	1.000000e+00	4.182342e-08	0.000000e+00	0.000000e+00	1.229987e+00	1.187922e-08
2004-06-18	18.2281	4	0.000000e+00	0.000000e+00	3.100587e-01	6.899413e-01	0.000000e+00	0.000000e+00	1.474748e-01	7.577989e-02
2004-06-23	18.1424	4	0.000000e+00	0.000000e+00	1.939340e-02	9.806066e-01	0.000000e+00	0.000000e+00	2.620618e-02	3.059937e-01
2004-06-28	17.8279	4	0.000000e+00	0.000000e+00	1.425720e-01	8.574280e-01	0.000000e+00	0.000000e+00	2.964897e-02	4.117569e-02
2004-07-03	15.5148	3	0.000000e+00	0.000000e+00	1.000000e+00	0.000000e+00	0.000000e+00	0.000000e+00	1.174417e+00	0.000000e+00
2004-07-08	15.0045	3	0.000000e+00	0.000000e+00	1.000000e+00	0.000000e+00	0.000000e+00	0.000000e+00	1.315544e+00	0.000000e+00
2004-07-13	18.4874	4	0.000000e+00	0.000000e+00	6.222032e-03	9.937780e-01	0.000000e+00	0.000000e+00	6.865883e-03	2.532337e-01
2004-07-18	18.3642	4	0.000000e+00	0.000000e+00	6.291383e-02	9.370862e-01	0.000000e+00	0.000000e+00	3.376925e-02	1.161509e-01
2004-07-23	17.4159	3	0.000000e+00	0.000000e+00	9.963762e-01	3.623812e-03	0.000000e+00	0.000000e+00	7.535197e-01	6.328559e-04
2004-07-28	15.1401	3	0.000000e+00	0.000000e+00	1.000000e+00	0.000000e+00	0.000000e+00	0.000000e+00	1.676766e+00	0.000000e+00
2004-08-02	11.6477	3	0.000000e+00	2.342978e-03	9.976570e-01	0.000000e+00	0.000000e+00	8.141028e-05	5.169343e-02	0.000000e+00
2004-08-07	9.7941	2	0.000000e+00	9.994147e-01	5.853107e-04	0.000000e+00	0.000000e+00	3.419354e-01	2.986262e-04	0.000000e+00
2004-08-12	10.2595	2	0.000000e+00	9.992102e-01	7.898206e-04	0.000000e+00	0.000000e+00	4.242005e+00	5.000182e-03	0.000000e+00
2004-08-17	9.1986	2	0.000000e+00	9.999988e-01	1.208198e-06	0.000000e+00	0.000000e+00	1.019815e+01	1.837398e-05	0.000000e+00
2004-08-22	8.0773	2	0.000000e+00	1.000000e+00	3.144560e-10	0.000000e+00	0.000000e+00	4.154780e+00	1.948278e-09	0.000000e+00
2004-08-27	8.2368	2	0.000000e+00	1.000000e+00	2.317163e-09	0.000000e+00	0.000000e+00	2.460951e+00	8.503595e-09	0.000000e+00
2004-09-01	8.2720	2	0.000000e+00	1.000000e+00	1.224244e-09	0.000000e+00	0.000000e+00	3.927684e+00	7.170468e-09	0.000000e+00
2004-09-06	8.5709	2	0.000000e+00	1.000000e+00	2.751234e-09	0.000000e+00	0.000000e+00	5.623555e+00	2.307181e-08	0.000000e+00
2004-09-11	10.8013	2	0.000000e+00	9.786232e-01	2.137678e-02	0.000000e+00	0.000000e+00	3.920898e-01	1.277190e-02	0.000000e+00
2004-09-16	13.7399	3	0.000000e+00	9.164216e-14	1.000000e+00	0.000000e+00	0.000000e+00	6.290064e-14	1.023535e+00	0.000000e+00
2004-09-21	16.7496	3	0.000000e+00	0.000000e+00	9.999999e-01	6.129163e-08	0.000000e+00	0.000000e+00	1.169906e+00	1.655847e-08
2004-09-26	14.5978	3	0.000000e+00	0.000000e+00	1.000000e+00	0.000000e+00	0.000000e+00	0.000000e+00	1.270746e+00	0.000000e+00
2004-10-01	10.4382	2	0.000000e+00	9.991087e-01	8.913274e-04	0.000000e+00	0.000000e+00	1.162074e-01	1.545972e-04	0.000000e+00
2004-10-06	9.7754	2	0.000000e+00	9.998942e-01	1.058408e-04	0.000000e+00	0.000000e+00	4.863439e-01	7.676892e-05	0.000000e+00
2004-10-11	13.1948	3	0.000000e+00	6.960442e-06	9.999930e-01	0.000000e+00	0.000000e+00	4.544655e-06	9.736529e-01	0.000000e+00
2004-10-16	14.9746	3	0.000000e+00	0.000000e+00	1.000000e+00	0.000000e+00	0.000000e+00	0.000000e+00	1.384962e+00	0.000000e+00
2004-10-21	11.1178	2	0.000000e+00	9.333554e-01	6.664462e-02	0.000000e+00	0.000000e+00	1.922587e+00	2.047138e-01	0.000000e+00
2004-10-26	9.2620	2	0.000000e+00	9.999989e-01	1.067726e-06	0.000000e+00	0.000000e+00	1.749638e+00	2.785810e-06	0.000000e+00
2004-10-31	14.0305	3	0.000000e+00	0.000000e+00	1.000000e+00	0.000000e+00	0.000000e+00	0.000000e+00	1.223047e+00	0.000000e+00
2004-11-05	17.5817	3	0.000000e+00	0.000000e+00	9.999823e-01	1.767164e-05	0.000000e+00	0.000000e+00	1.145243e-02	4.673586e-08
2004-11-10	18.3917	3	0.000000e+00	0.000000e+00	9.920351e-01	7.964948e-03	0.000000e+00	0.000000e+00	4.199730e-02	7.786554e-05
2004-11-15	17.5788	3	0.000000e+00	0.000000e+00	9.999973e-01	2.652354e-06	0.000000e+00	0.000000e+00	6.634736e-01	4.063725e-07
2004-11-20	17.1231	3	0.000000e+00	0.000000e+00	1.000000e+00	4.204762e-08	0.000000e+00	0.000000e+00	1.585200e+00	1.539194e-08
2004-11-25	14.9322	3	0.000000e+00	0.000000e+00	1.000000e+00	0.000000e+00	0.000000e+00	0.000000e+00	3.943678e-01	0.000000e+00
2004-11-30	12.6614	3	0.000000e+00	1.953870e-10	1.000000e+00	0.000000e+00	0.000000e+00	7.493365e-11	5.719054e-01	0.000000e+00
2004-12-05	12.2478	3	0.000000e+00	9.393699e-04	9.990606e-01	0.000000e+00	0.000000e+00	2.397932e-04	3.803077e-01	0.000000e+00
2004-12-10	13.7078	3	0.000000e+00	1.117520e-08	1.000000e+00	0.000000e+00	0.000000e+00	7.239233e-09	9.660068e-01	0.000000e+00
2004-12-15	12.9939	3	0.000000e+00	1.973865e-03	9.980261e-01	0.000000e+00	0.000000e+00	1.450714e-03	1.093829e+00	0.000000e+00
2004-12-20	10.9569	2	0.000000e+00	9.763993e-01	2.360071e-02	0.000000e+00	0.000000e+00	2.564525e+00	9.243741e-02	0.000000e+00
2004-12-25	9.5087	2	0.000000e+00	9.999797e-01	2.033819e-05	0.000000e+00	0.000000e+00	1.046709e+01	3.174608e-04	0.000000e+00
2004-12-30	9.5791	2	0.000000e+00	9.997471e-01	2.528941e-04	0.000000e+00	0.000000e+00	1.036414e+01	3.909534e-03	0.000000e+00
2005-01-04	11.0329	2	0.000000e+00	9.638972e-01	3.610280e-02	0.000000e+00	0.000000e+00	2.930160e+00	1.636608e-01	0.000000e+00
2005-01-09	14.4022	3	0.000000e+00	0.000000e+00	1.000000e+00	0.000000e+00	0.000000e+00	0.000000e+00	1.088410e+00	0.000000e+00
2005-01-14	13.5879	3	0.000000e+00	8.642393e-12	1.000000e+00	0.000000e+00	0.000000e+00	8.517005e-12	1.469589e+00	0.000000e+00
2005-01-19	11.1019	2	0.000000e+00	9.322028e-01	6.779721e-02	0.000000e+00	0.000000e+00	8.217756e-01	8.912462e-02	0.000000e+00
2005-01-24	9.7341	2	0.000000e+00	9.999751e-01	2.486311e-05	0.000000e+00	0.000000e+00	8.087383e+00	2.998591e-04	0.000000e+00
2005-01-29	8.7572	2	0.000000e+00	9.999996e-01	4.219822e-07	0.000000e+00	0.000000e+00	8.145029e+00	5.125427e-06	0.000000e+00
2005-02-03	9.7886	2	0.000000e+00	9.998503e-01	1.496728e-04	0.000000e+00	0.000000e+00	8.839202e+00	1.973167e-03	0.000000e+00
2005-02-08	11.3929	3	0.000000e+00	3.119109e-01	6.880891e-01	0.000000e+00	0.000000e+00	2.714445e-02	8.929726e-02	0.000000e+00
2005-02-13	15.4151	3	0.000000e+00	0.000000e+00	1.000000e+00	0.000000e+00	0.000000e+00	0.000000e+00	1.105791e+00	0.000000e+00
2005-02-18	18.2931	3	0.000000e+00	0.000000e+00	5.096026e-01	4.903974e-01	0.000000e+00	0.000000e+00	3.256472e-01	7.236554e-02
2005-02-23	18.2805	4	0.000000e+00	0.000000e+00	3.802184e-05	9.999620e-01	0.000000e+00	0.000000e+00	1.348460e-04	8.189483e-01
2005-02-28	18.4305	4	0.000000e+00	0.000000e+00	1.369394e-02	9.863061e-01	0.000000e+00	0.000000e+00	1.921713e-02	3.196243e-01
2005-03-05	17.6842	3	0.000000e+00	0.000000e+00	8.972261e-01	1.027739e-01	0.000000e+00	0.000000e+00	2.671271e-01	7.065894e-03
2005-03-10	17.2999	3	0.000000e+00	0.000000e+00	9.987329e-01	1.267124e-03	0.000000e+00	0.000000e+00	8.195768e-01	2.401195e-04
2005-03-15	16.2793	3	0.000000e+00	0.000000e+00	1.000000e+00	1.529995e-11	0.000000e+00	0.000000e+00	1.378404e+00	4.870062e-12
2005-03-20	15.1828	3	0.000000e+00	0.000000e+00	1.000000e+00	0.000000e+00	0.000000e+00	0.000000e+00	1.280443e+00	0.000000e+00
2005-03-25	15.8966	3	0.000000e+00	0.000000e+00	1.000000e+00	0.000000e+00	0.000000e+00	0.000000e+00	8.283093e-01	0.000000e+00
2005-03-30	15.6506	3	0.000000e+00	0.000000e+00	1.000000e+00	0.000000e+00	0.000000e+00	0.000000e+00	8.908237e-01	0.000000e+00
2005-04-04	15.3851	3	0.000000e+00	0.000000e+00	1.000000e+00	0.000000e+00	0.000000e+00	0.000000e+00	1.468626e+00	0.000000e+00
2005-04-09	12.2611	3	0.000000e+00	1.528926e-05	9.999847e-01	0.000000e+00	0.000000e+00	4.236577e-06	4.132047e-01	0.000000e+00
2005-04-14	12.1265	3	0.000000e+00	5.152613e-02	9.484739e-01	0.000000e+00	0.000000e+00	2.536551e-02	6.962811e-01	0.000000e+00
2005-04-19	10.7948	2	0.000000e+00	9.897927e-01	1.020730e-02	0.000000e+00	0.000000e+00	4.806505e+00	7.391608e-02	0.000000e+00
2005-04-24	11.2863	2	0.000000e+00	9.435822e-01	5.641777e-02	0.000000e+00	0.000000e+00	2.794790e+00	2.491888e-01	0.000000e+00
2005-04-29	9.8007	2	0.000000e+00	9.997833e-01	2.166754e-04	0.000000e+00	0.000000e+00	1.586516e+01	5.127331e-03	0.000000e+00
2005-05-04	12.9867	3	0.000000e+00	3.907891e-02	9.609211e-01	0.000000e+00	0.000000e+00	2.735038e-02	1.002886e+00	0.000000e+00
2005-05-09	13.4217	3	0.000000e+00	6.161519e-12	1.000000e+00	0.000000e+00	0.000000e+00	4.637329e-12	1.122337e+00	0.000000e+00
2005-05-14	12.4576	3	0.000000e+00	9.163670e-07	9.999991e-01	0.000000e+00	0.000000e+00	4.675808e-07	7.609041e-01	0.000000e+00
2005-05-19	11.1110	2	0.000000e+00	8.421933e-01	1.578067e-01	0.000000e+00	0.000000e+00	2.555851e-01	7.141545e-02	0.000000e+00
2005-05-24	12.5502	3	0.000000e+00	4.578101e-05	9.999542e-01	0.000000e+00	0.000000e+00	2.730076e-05	8.892270e-01	0.000000e+00
2005-05-29	14.0368	3	0.000000e+00	2.383860e-16	1.000000e+00	0.000000e+00	0.000000e+00	2.373796e-16	1.484929e+00	0.000000e+00
2005-06-03	13.5168	3	0.000000e+00	0.000000e+00	1.000000e+00	0.000000e+00	0.000000e+00	0.000000e+00	1.687636e+00	0.000000e+00
2005-06-08	12.7197	3	0.000000e+00	2.130987e-06	9.999979e-01	0.000000e+00	0.000000e+00	1.409433e-06	9.862928e-01	0.000000e+00
2005-06-13	9.3899	2	0.000000e+00	9.999867e-01	1.332179e-05	0.000000e+00	0.000000e+00	2.488473e+01	4.943611e-04	0.000000e+00
2005-06-18	9.4846	2	0.000000e+00	9.999895e-01	1.046977e-05	0.000000e+00	0.000000e+00	2.345964e+01	3.662742e-04	0.000000e+00
2005-06-23	11.9709	2	0.000000e+00	5.962192e-01	4.037808e-01	0.000000e+00	0.000000e+00	6.660896e-01	6.726907e-01	0.000000e+00
2005-06-28	15.7717	3	0.000000e+00	0.000000e+00	1.000000e+00	0.000000e+00	0.000000e+00	0.000000e+00	5.902404e-01	0.000000e+00
2005-07-03	17.4250	3	0.000000e+00	0.000000e+00	9.991947e-01	8.053217e-04	0.000000e+00	0.000000e+00	1.044423e+00	1.943854e-04
2005-07-08	18.3873	4	0.000000e+00	0.000000e+00	4.520711e-01	5.479289e-01	0.000000e+00	0.000000e+00	1.798676e-01	5.034292e-02
2005-07-13	18.7874	4	0.000000e+00	0.000000e+00	2.219134e-04	9.997781e-01	0.000000e+00	0.000000e+00	4.480410e-04	4.661286e-01
2005-07-18	18.8946	4	0.000000e+00	0.000000e+00	2.112494e-06	9.999979e-01	0.000000e+00	0.000000e+00	5.598472e-06	6.119855e-01
2005-07-23	18.5558	4	0.000000e+00	0.000000e+00	6.194341e-08	9.999999e-01	0.000000e+00	0.000000e+00	2.237354e-07	8.340798e-01
2005-07-28	18.5557	4	0.000000e+00	0.000000e+00	3.327067e-03	9.966729e-01	0.000000e+00	0.000000e+00	7.904960e-03	5.468381e-01
2005-08-02	13.2790	3	0.000000e+00	0.000000e+00	1.000000e+00	0.000000e+00	0.000000e+00	0.000000e+00	5.598835e-01	0.000000e+00
2005-08-07	13.0126	3	0.000000e+00	6.121790e-14	1.000000e+00	0.000000e+00	0.000000e+00	5.201978e-14	1.267165e+00	0.000000e+00
2005-08-12	12.9391	3	0.000000e+00	1.557514e-12	1.000000e+00	0.000000e+00	0.000000e+00	1.090976e-12	1.044543e+00	0.000000e+00
2005-08-17	12.1807	3	0.000000e+00	2.200555e-04	9.997799e-01	0.000000e+00	0.000000e+00	7.978070e-05	5.405216e-01	0.000000e+00
2005-08-22	11.6219	3	0.000000e+00	3.681525e-01	6.318475e-01	0.000000e+00	0.000000e+00	9.343728e-02	2.391375e-01	0.000000e+00
2005-08-27	10.4319	2	0.000000e+00	9.984716e-01	1.528378e-03	0.000000e+00	0.000000e+00	4.955013e+00	1.131053e-02	0.000000e+00
2005-09-01	10.7956	2	0.000000e+00	9.422730e-01	5.772701e-02	0.000000e+00	0.000000e+00	3.785358e-01	3.458218e-02	0.000000e+00
2005-09-06	12.2142	3	0.000000e+00	6.105082e-03	9.938949e-01	0.000000e+00	0.000000e+00	2.817592e-03	6.840222e-01	0.000000e+00
2005-09-11	12.4608	3	0.000000e+00	1.078007e-05	9.999892e-01	0.000000e+00	0.000000e+00	5.431301e-06	7.513128e-01	0.000000e+00
2005-09-16	11.9431	3	0.000000e+00	7.607291e-04	9.992393e-01	0.000000e+00	0.000000e+00	2.222317e-04	4.352998e-01	0.000000e+00
2005-09-21	10.8562	2	0.000000e+00	8.770241e-01	1.229759e-01	0.000000e+00	0.000000e+00	1.548010e-01	3.236869e-02	0.000000e+00
2005-09-26	9.6350	2	0.000000e+00	9.999909e-01	9.057055e-06	0.000000e+00	0.000000e+00	1.039555e+01	1.404047e-04	0.000000e+00
2005-10-01	9.5706	2	0.000000e+00	9.999917e-01	8.326601e-06	0.000000e+00	0.000000e+00	1.754196e+01	2.178174e-04	0.000000e+00
2005-10-06	10.7366	2	0.000000e+00	9.856404e-01	1.435964e-02	0.000000e+00	0.000000e+00	3.342517e+00	7.261759e-02	0.000000e+00
2005-10-11	15.0722	3	0.000000e+00	0.000000e+00	1.000000e+00	0.000000e+00	0.000000e+00	0.000000e+00	1.278431e+00	0.000000e+00
2005-10-16	17.6100	3	0.000000e+00	0.000000e+00	9.980464e-01	1.953555e-03	0.000000e+00	0.000000e+00	5.753705e-01	2.600700e-04
2005-10-21	18.1364	4	0.000000e+00	0.000000e+00	4.608740e-01	5.391260e-01	0.000000e+00	0.000000e+00	3.798273e-01	1.026035e-01
2005-10-26	18.0469	4	0.000000e+00	0.000000e+00	1.163817e-01	8.836183e-01	0.000000e+00	0.000000e+00	8.191725e-02	1.436228e-01
2005-10-31	18.2240	4	0.000000e+00	0.000000e+00	7.340629e-02	9.265937e-01	0.000000e+00	0.000000e+00	7.849237e-02	2.287976e-01
2005-11-05	17.9142	3	0.000000e+00	0.000000e+00	7.207169e-01	2.792831e-01	0.000000e+00	0.000000e+00	3.540770e-01	3.168442e-02
2005-11-10	18.1819	4	0.000000e+00	0.000000e+00	5.474701e-02	9.452530e-01	0.000000e+00	0.000000e+00	4.006560e-02	1.597450e-01
2005-11-15	18.4567	4	0.000000e+00	0.000000e+00	2.431565e-05	9.999757e-01	0.000000e+00	0.000000e+00	8.672143e-05	8.235652e-01
2005-11-20	18.6316	4	0.000000e+00	0.000000e+00	3.714562e-09	1.000000e+00	0.000000e+00	0.000000e+00	1.855045e-08	1.153227e+00
2005-11-25	18.3211	4	0.000000e+00	0.000000e+00	4.277612e-07	9.999996e-01	0.000000e+00	0.000000e+00	1.284634e-06	6.934992e-01
2005-11-30	18.2652	4	0.000000e+00	0.000000e+00	2.037361e-05	9.999796e-01	0.000000e+00	0.000000e+00	9.044812e-05	1.025158e+00
2005-12-05	14.2845	3	0.000000e+00	0.000000e+00	1.000000e+00	0.000000e+00	0.000000e+00	0.000000e+00	1.212555e+00	0.000000e+00
2005-12-10	8.8172	2	0.000000e+00	9.999992e-01	8.327786e-07	0.000000e+00	0.000000e+00	1.013325e+01	1.258408e-05	0.000000e+00
2005-12-15	11.4413	2	0.000000e+00	5.969190e-01	4.030810e-01	0.000000e+00	0.000000e+00	1.598814e-01	1.609971e-01	0.000000e+00
2005-12-20	15.5313	3	0.000000e+00	0.000000e+00	1.000000e+00	0.000000e+00	0.000000e+00	0.000000e+00	1.840919e+00	0.000000e+00
2005-12-25	17.7287	4	0.000000e+00	0.000000e+00	2.617553e-01	7.382447e-01	0.000000e+00	0.000000e+00	1.694443e-01	1.103570e-01
2005-12-30	18.0802	4	0.000000e+00	0.000000e+00	3.640028e-03	9.963600e-01	0.000000e+00	0.000000e+00	7.057054e-03	4.460700e-01
2006-01-04	17.4524	3	0.000000e+00	0.000000e+00	9.993547e-01	6.453232e-04	0.000000e+00	0.000000e+00	1.306725e+00	1.948542e-04
2006-01-09	14.1865	3	0.000000e+00	0.000000e+00	1.000000e+00	0.000000e+00	0.000000e+00	0.000000e+00	1.991280e+00	0.000000e+00
2006-01-14	11.7041	3	0.000000e+00	1.590135e-01	8.409865e-01	0.000000e+00	0.000000e+00	5.270091e-02	4.156390e-01	0.000000e+00
2006-01-19	11.3375	2	0.000000e+00	8.003401e-01	1.996599e-01	0.000000e+00	0.000000e+00	3.219771e-01	1.197800e-01	0.000000e+00
2006-01-24	11.6332	3	0.000000e+00	2.216209e-01	7.783791e-01	0.000000e+00	0.000000e+00	7.327695e-02	3.837876e-01	0.000000e+00
2006-01-29	11.1915	2	0.000000e+00	6.864511e-01	3.135489e-01	0.000000e+00	0.000000e+00	1.588441e-01	1.081957e-01	0.000000e+00
2006-02-03	11.1708	3	0.000000e+00	4.638996e-01	5.361004e-01	0.000000e+00	0.000000e+00	3.330922e-02	5.740235e-02	0.000000e+00
2006-02-08	14.8513	3	0.000000e+00	0.000000e+00	1.000000e+00	0.000000e+00	0.000000e+00	0.000000e+00	1.036136e+00	0.000000e+00
2006-02-13	13.5745	3	0.000000e+00	5.788247e-06	9.999942e-01	0.000000e+00	0.000000e+00	2.249253e-06	5.794710e-01	0.000000e+00
2006-02-18	14.4236	3	0.000000e+00	0.000000e+00	1.000000e+00	0.000000e+00	0.000000e+00	0.000000e+00	1.122647e+00	0.000000e+00
2006-02-23	12.7292	3	0.000000e+00	8.326446e-07	9.999992e-01	0.000000e+00	0.000000e+00	2.289251e-07	4.099929e-01	0.000000e+00
2006-02-28	10.1547	2	0.000000e+00	9.997459e-01	2.541037e-04	0.000000e+00	0.000000e+00	1.074716e+00	4.073408e-04	0.000000e+00
2006-03-05	10.9266	2	0.000000e+00	9.674249e-01	3.257509e-02	0.000000e+00	0.000000e+00	7.581315e-01	3.806764e-02	0.000000e+00
2006-03-10	9.0676	2	0.000000e+00	9.999928e-01	7.213079e-06	0.000000e+00	0.000000e+00	1.045382e+01	1.124455e-04	0.000000e+00
2006-03-15	9.5020	2	0.000000e+00	9.992252e-01	7.747893e-04	0.000000e+00	0.000000e+00	3.520820e+00	4.071057e-03	0.000000e+00
2006-03-20	13.6797	3	0.000000e+00	4.017060e-07	9.999996e-01	0.000000e+00	0.000000e+00	1.353807e-07	5.025639e-01	0.000000e+00
2006-03-25	17.4610	4	0.000000e+00	0.000000e+00	3.641000e-02	9.635900e-01	0.000000e+00	0.000000e+00	4.815769e-04	2.943102e-03
2006-03-30	18.0050	4	0.000000e+00	0.000000e+00	1.591690e-07	9.999998e-01	0.000000e+00	0.000000e+00	3.014604e-07	4.373607e-01
2006-04-04	17.9715	4	0.000000e+00	0.000000e+00	3.786659e-09	1.000000e+00	0.000000e+00	0.000000e+00	1.462536e-08	8.919047e-01
2006-04-09	18.0101	4	0.000000e+00	0.000000e+00	6.538535e-09	1.000000e+00	0.000000e+00	0.000000e+00	2.068625e-08	7.305823e-01
2006-04-14	18.2025	4	0.000000e+00	0.000000e+00	2.380999e-05	9.999762e-01	0.000000e+00	0.000000e+00	7.796992e-05	7.561804e-01
2006-04-19	18.3246	4	0.000000e+00	0.000000e+00	6.505067e-03	9.934949e-01	0.000000e+00	0.000000e+00	1.637981e-02	5.776847e-01
2006-04-24	18.5819	4	0.000000e+00	0.000000e+00	6.727801e-03	9.932722e-01	0.000000e+00	0.000000e+00	1.907907e-02	6.504594e-01
2006-04-29	18.0593	4	0.000000e+00	0.000000e+00	3.163996e-03	9.968360e-01	0.000000e+00	0.000000e+00	2.876656e-03	2.092877e-01
2006-05-04	16.8230	3	0.000000e+00	0.000000e+00	9.999990e-01	9.531328e-07	0.000000e+00	0.000000e+00	1.668547e-01	3.672486e-08
2006-05-09	13.8428	3	0.000000e+00	9.606367e-14	1.000000e+00	0.000000e+00	0.000000e+00	6.480151e-14	1.005933e+00	0.000000e+00
2006-05-14	11.2319	3	0.000000e+00	4.579851e-01	5.420149e-01	0.000000e+00	0.000000e+00	1.329584e-01	2.346489e-01	0.000000e+00
2006-05-19	7.7590	2	0.000000e+00	1.000000e+00	1.857824e-11	0.000000e+00	0.000000e+00	7.273362e+00	2.015036e-10	0.000000e+00
2006-05-24	6.0795	2	1.139934e-10	1.000000e+00	0.000000e+00	0.000000e+00	3.452769e-10	2.410375e+00	0.000000e+00	0.000000e+00
2006-05-29	5.6875	2	1.611702e-04	9.998388e-01	0.000000e+00	0.000000e+00	3.677801e-04	1.815641e+00	0.000000e+00	0.000000e+00
2006-06-03	6.2972	2	1.957753e-15	1.000000e+00	0.000000e+00	0.000000e+00	9.916505e-15	4.030857e+00	0.000000e+00	0.000000e+00
2006-06-08	6.4965	2	0.000000e+00	1.000000e+00	0.000000e+00	0.000000e+00	0.000000e+00	1.078713e+01	0.000000e+00	0.000000e+00
2006-06-13	6.4091	2	8.197833e-16	1.000000e+00	0.000000e+00	0.000000e+00	7.942813e-15	7.710310e+00	0.000000e+00	0.000000e+00
2006-06-18	6.8974	2	0.000000e+00	1.000000e+00	7.841341e-14	0.000000e+00	0.000000e+00	2.950323e+00	3.449872e-13	0.000000e+00
2006-06-23	7.6795	2	0.000000e+00	1.000000e+00	1.984315e-10	0.000000e+00	0.000000e+00	3.105938e+00	9.190655e-10	0.000000e+00
2006-06-28	8.7397	2	0.000000e+00	9.999989e-01	1.149010e-06	0.000000e+00	0.000000e+00	4.057072e+00	6.951528e-06	0.000000e+00
2006-07-03	9.4526	2	0.000000e+00	9.999699e-01	3.011588e-05	0.000000e+00	0.000000e+00	6.047660e+00	2.716058e-04	0.000000e+00
2006-07-08	17.0864	3	0.000000e+00	0.000000e+00	9.999902e-01	9.789788e-06	0.000000e+00	0.000000e+00	6.926663e-01	1.565920e-06
2006-07-13	16.0435	3	0.000000e+00	0.000000e+00	1.000000e+00	8.586896e-13	0.000000e+00	0.000000e+00	1.653450e+00	3.278652e-13
2006-07-18	12.9896	3	0.000000e+00	1.826789e-08	1.000000e+00	0.000000e+00	0.000000e+00	1.016200e-08	8.295336e-01	0.000000e+00
2006-07-23	9.1685	2	0.000000e+00	9.999938e-01	6.163742e-06	0.000000e+00	0.000000e+00	1.332282e-01	1.224578e-06	0.000000e+00
2006-07-28	8.5338	2	0.000000e+00	1.000000e+00	2.568893e-08	0.000000e+00	0.000000e+00	9.952299e-02	3.812523e-09	0.000000e+00
2006-08-02	10.9317	2	0.000000e+00	9.653733e-01	3.462674e-02	0.000000e+00	0.000000e+00	8.257456e-01	4.416779e-02	0.000000e+00
2006-08-07	14.7239	3	0.000000e+00	0.000000e+00	1.000000e+00	0.000000e+00	0.000000e+00	0.000000e+00	7.820170e-01	0.000000e+00
2006-08-12	13.0885	3	0.000000e+00	6.463123e-10	1.000000e+00	0.000000e+00	0.000000e+00	3.291866e-10	7.595261e-01	0.000000e+00
2006-08-17	9.4898	2	0.000000e+00	9.999875e-01	1.251883e-05	0.000000e+00	0.000000e+00	4.168269e-01	7.781585e-06	0.000000e+00
2006-08-22	6.3036	2	1.134215e-15	1.000000e+00	0.000000e+00	0.000000e+00	0.000000e+00	7.232575e-02	0.000000e+00	0.000000e+00
2006-08-27	7.1634	2	0.000000e+00	1.000000e+00	7.055140e-15	0.000000e+00	0.000000e+00	1.514743e+00	1.593631e-14	0.000000e+00
2006-09-01	8.6246	2	0.000000e+00	9.999998e-01	1.927076e-07	0.000000e+00	0.000000e+00	1.630896e+00	4.686712e-07	0.000000e+00
2006-09-06	7.8940	2	0.000000e+00	1.000000e+00	4.754597e-11	0.000000e+00	0.000000e+00	3.105479e+00	2.201838e-10	0.000000e+00
2006-09-11	7.7438	2	0.000000e+00	1.000000e+00	2.274673e-11	0.000000e+00	0.000000e+00	5.230986e+00	1.774376e-10	0.000000e+00
2006-09-16	8.0721	2	0.000000e+00	1.000000e+00	2.288482e-10	0.000000e+00	0.000000e+00	2.733091e+00	9.327061e-10	0.000000e+00
2006-09-21	9.0180	2	0.000000e+00	9.999990e-01	9.664765e-07	0.000000e+00	0.000000e+00	4.199916e+00	6.053066e-06	0.000000e+00
2006-09-26	9.0773	2	0.000000e+00	9.999967e-01	3.254966e-06	0.000000e+00	0.000000e+00	4.221531e+00	2.049089e-05	0.000000e+00
2006-10-01	7.8860	2	0.000000e+00	1.000000e+00	2.529629e-10	0.000000e+00	0.000000e+00	4.452510e+00	1.679596e-09	0.000000e+00
2006-10-06	6.6132	2	0.000000e+00	1.000000e+00	0.000000e+00	0.000000e+00	0.000000e+00	1.000610e+00	0.000000e+00	0.000000e+00
2006-10-11	7.6064	2	0.000000e+00	1.000000e+00	7.578393e-12	0.000000e+00	0.000000e+00	1.534900e+00	1.734604e-11	0.000000e+00
2006-10-16	8.5298	2	0.000000e+00	9.999998e-01	2.429537e-07	0.000000e+00	0.000000e+00	3.134742e+00	1.135713e-06	0.000000e+00
2006-10-21	8.2156	2	0.000000e+00	1.000000e+00	2.300654e-09	0.000000e+00	0.000000e+00	6.777857e+00	2.325341e-08	0.000000e+00
2006-10-26	11.8137	3	0.000000e+00	4.819108e-02	9.518089e-01	0.000000e+00	0.000000e+00	1.092120e-02	3.216595e-01	0.000000e+00
2006-10-31	16.9789	3	0.000000e+00	0.000000e+00	9.999998e-01	2.462764e-07	0.000000e+00	0.000000e+00	4.907866e-01	2.791153e-08
2006-11-05	18.5875	3	0.000000e+00	0.000000e+00	9.098481e-01	9.015186e-02	0.000000e+00	0.000000e+00	3.484240e-01	7.972266e-03
2006-11-10	18.1771	3	0.000000e+00	0.000000e+00	9.948438e-01	5.156206e-03	0.000000e+00	0.000000e+00	5.378890e-01	6.437779e-04
2006-11-15	14.2770	3	0.000000e+00	0.000000e+00	1.000000e+00	0.000000e+00	0.000000e+00	0.000000e+00	1.150512e+00	0.000000e+00
2006-11-20	11.9543	3	0.000000e+00	3.816266e-01	6.183734e-01	0.000000e+00	0.000000e+00	1.664289e-01	4.021462e-01	0.000000e+00
2006-11-25	8.8197	2	0.000000e+00	9.999983e-01	1.739622e-06	0.000000e+00	0.000000e+00	5.150788e+00	1.336203e-05	0.000000e+00
2006-11-30	6.8858	2	0.000000e+00	1.000000e+00	7.948158e-15	0.000000e+00	0.000000e+00	3.170371e+00	3.757679e-14	0.000000e+00
2006-12-05	13.9793	3	0.000000e+00	6.716938e-11	1.000000e+00	0.000000e+00	0.000000e+00	2.327170e-11	5.166540e-01	0.000000e+00
2006-12-10	17.0657	3	0.000000e+00	0.000000e+00	9.999976e-01	2.431533e-06	0.000000e+00	0.000000e+00	3.052927e-01	1.714217e-07
2006-12-15	15.9088	3	0.000000e+00	0.000000e+00	1.000000e+00	1.427511e-14	0.000000e+00	0.000000e+00	1.041523e+00	3.433336e-15
2006-12-20	11.5378	3	0.000000e+00	1.174311e-02	9.882569e-01	0.000000e+00	0.000000e+00	1.130124e-03	1.418261e-01	0.000000e+00
